{"stats":{"minecraft:picked_up":{"minecraft:stick":1,"minecraft:crafting_table":1,"minecraft:oak_log":4,"minecraft:oak_sapling":1,"minecraft:coal":23,"minecraft:cobblestone":18},"minecraft:mined":{"minecraft:coal_ore":2,"minecraft:oak_log":4,"minecraft:stone":18,"minecraft:oak_leaves":6,"minecraft:crafting_table":1},"minecraft:used":{"minecraft:crafting_table":1,"minecraft:wooden_pickaxe":20},"minecraft:crafted":{"minecraft:oak_planks":16,"minecraft:crafting_table":1,"minecraft:stick":4,"minecraft:wooden_pickaxe":1},"minecraft:custom":{"minecraft:time_since_rest":11157,"minecraft:deaths":2,"minecraft:play_time":29123,"minecraft:sprint_one_cm":18178,"minecraft:damage_taken":210,"minecraft:walk_one_cm":7328,"minecraft:sneak_time":97,"minecraft:jump":95,"minecraft:walk_on_water_one_cm":1246,"minecraft:leave_game":3,"minecraft:time_since_death":11127,"minecraft:total_world_time":29123,"minecraft:fall_one_cm":5583,"minecraft:interact_with_crafting_table":1,"minecraft:fly_one_cm":46718}},"DataVersion":3465}